"Actas";;;;;;;22;32;;15;0,5;;;;;;;0;0;0;;;;0;198;47;;;;"žalia";0,6;0,1;9,6;0;
"Arbata be cukraus";;;;;;;3;1;;0;0;;;;;;;0;0,01;0;;;;0;2;0;;;;"žalia";0;0;0,3;0;
"Joduota druska";;;;;;;22;0;;368;2,9;;;;;;;0;0;0;;;;0;0;0;;;;"žalia";0;0;0;0;
"Kava be cukraus";;;;;;;5;1;;2;0;;;;;;;0;0;0,1;;;;0;8;2;;;;"žalia";0,2;0;0,3;0;
"Krakmolas";;;;;;;0;7;;35;1,8;;;;;;;0;0;0;;;;0;1367;326;;;;"žalia";0,4;0,1;83,4;0;
"Mielės";;;;;;;71;486;;13;3,8;;;;;;;0,95;2,19;11,2;;;;0;318;76;;;;"žalia";14,8;1,3;8;0;
"Motinos pienas";;;;;;;4;16;;31;0,1;;;;;;;0,02;0,04;0,2;;;;4,1;305;73;;;;"žalia";1,2;4,3;6,8;0;25
"Vanduo";;;;;;;2;0;;7;0,1;;;;;;;0;0;0;;;;0;0;0;;;;"žalia";0;0;0;0;
"Aukštaičių duona";5,3;0,9;44,6;1,1;5,7;358;26;108;153;24;1,7;1,53;0,7;2,1;0;0;1,54;0,16;0,06;0,5;45;0,02;0;0;987;236;;;;"žalia";;;;1;
"Avižiniai dribsniai";13,8;6,7;59,7;1,3;9;6;117;388;357;61;4,3;6,32;1;5,3;0;2;1,8;0,48;0,15;1;55;0,51;2;0;1530;365;;;;"žalia";;;;1;
"Batonas";7,9;4,5;44,1;2,7;2,2;343;18;85;92;25;1,1;0,77;1,9;1,6;38;0,39;2,82;0,1;0,08;0,8;25;0,04;0;0;1157;276;;;;"žalia";;;;1;
"Duona „Rugelis“";7,7;1,4;39,9;1,8;10;443;83;256;329;46;3,3;2,4;1,2;4,2;0;0;2,34;0,2;0,14;0,7;33;0,04;0;0;912;218;;;;"žalia";;;;1;
"Džiūvėsiai";9,7;1;69;0,4;6,1;437;35;143;135;40;1,2;1,62;2;0,5;0;0;3,1;0,11;0,05;1,4;14;0,19;0;0;1466;350;;;;"žalia";;;;1;
"Grikių kruopos";12,6;3,1;60,5;0,7;5,9;5;218;459;443;25;2,8;3,5;5;2,5;2;0;0,1;0,45;0,12;3,5;40;0,67;0;0;1463;349;;;;"žalia";;;;1;
"Kaimiška duona";7,4;1,3;40,2;1,8;8,6;422;52;204;249;27;1,9;2,77;0,7;2,5;0;0;1,69;0,17;0,13;0,7;46;0,03;0;0;909;217;;;;"žalia";;;;1;
"Kauno duona";8;1,5;35,4;1,7;9,1;396;58;232;271;30;2;3,34;0,7;2,5;0;0;1,5;0,17;0,16;0,8;60;0,03;0;0;834;199;;;;"žalia";;;;1;
"Kviečiai";11,7;1,9;56,9;0,7;9,9;18;125;323;374;60;3,1;3,17;2;0,6;35;0;2,84;0,39;0,09;5,8;68;0,3;0;1,5;1329;317;;;;"žalia";;;;1;
"Kviečių gemalai";27,5;9,4;14,6;16,4;14;3;270;1100;1020;48;9,4;14;3;0,5;0;0;15;2,1;0,53;3,8;330;1,82;0;0;1379;329;;;;"žalia";;;;1;
"Kviečių sėlenos";15,4;4,4;12,2;2,4;44,9;4;502;1168;1281;85;14,9;8,85;2;1,4;0;0;1,9;0,65;0,51;17,7;400;2,5;0;0;680;162;;;;"žalia";;;;1;
"Kvietiniai miltai 1050";12,3;2;59,9;0,5;6,1;10;33;187;173;20;2,5;1,8;2;1,6;0;0;1,7;0,45;0,07;3,3;21;0,33;0;0;1411;337;;;;"žalia";;;;1;
"Kvietiniai miltai 1600";11,6;2,1;56,5;0,5;9,1;17;75;308;269;37;3;2,3;2;2,8;40;0;3,3;0,51;0,11;3,3;51;0,3;0;0;1336;319;;;;"žalia";;;;1;
"Kvietiniai miltai 550";10,7;1,3;66,1;0,5;3,1;3;22;96;100;16;1,4;1,03;2;0,8;0;0;0,4;0,15;0,04;1,1;13;0,26;0;0;1446;345;;;;"žalia";;;;1;
"Kvietiniai miltai 812";12,8;1,7;63,7;0,5;4,2;5;62;175;179;23;2,8;1,84;2;1,4;0;0;1,57;0,37;0,07;1,7;21;0,1;0;0;1432;342;;;;"žalia";;;;1;
"Lietuviška duona";8,6;1,6;37,5;1,8;10,2;424;66;258;299;30;2;3,42;0,7;2,8;0;0;1,54;0,17;0,18;0,8;50;0,04;0;0;882;211;;;;"žalia";;;;1;
"Makaronai be kiaušinių";10,8;0,3;71,9;0,5;2,6;5;48;162;197;27;1,3;1;1;1,5;0;0;0,7;0,09;0,06;1,7;12;0,06;0;0;1503;359;;;;"žalia";;;;1;
"Palangos duona";5,3;0,8;43,6;1,7;4,9;345;23;98;131;23;1,6;1,62;0,7;1,9;0;0;1,12;0,14;0,06;0,6;31;0,02;0;0;965;231;;;;"žalia";;;;1;
"Perlinės kruopos";9,8;1,8;67,5;0,9;7,2;15;81;243;237;27;2,1;2,58;1;0,5;0;0;0,22;0,15;0,09;2,8;18;0,33;0;0;1402;335;;;;"žalia";;;;1;
"Pieniniai riestainiai";11;1,8;51,8;7,7;3,4;483;53;158;170;43;2,3;1,57;1,8;2,6;5;0;1,29;0,31;0,09;1,4;20;0,09;0;0,2;1315;314;;;;"žalia";;;;1;
"Pieniniai traškučiai";9,8;4,9;57,5;9,8;2,7;372;21;100;111;34;1,3;0,96;1,9;1,9;39;0,33;3,53;0,11;0,06;0,8;17;0,18;0;0,1;1572;375;;;;"žalia";;;;1;
"Ragaišis";10;1,5;40,8;2,4;5,7;435;47;228;238;73;2,1;1,67;1,8;5,5;21;0,17;2,45;0,3;0,14;2,3;35;0,05;0;0,5;1027;245;;;;"žalia";;;;1;
"Ryžiai nepoliruoti";7,1;1,9;67;0,9;8,7;10;110;250;260;32;1,3;1,5;2;2;0;0;0,7;0,48;0,05;4,7;16;0,55;0;0;1409;337;;;;"žalia";;;;1;
"Ryžiai poliruoti";8,8;0,4;74,1;0,3;2,2;6;13;135;111;26;0,8;1,64;2;2,2;0;0;1,23;0,12;0,04;0,8;10;0,16;0;0;1492;356;;;;"žalia";;;;1;
"Rugiai";9,5;1,7;55,5;2,5;13,2;28;126;340;466;69;3,4;1,3;2;7,1;0;0;3,87;0,38;0,15;0,8;42;0,26;0;0;1287;307;;;;"žalia";;;;1;
"Ruginiai miltai pasijoti";7,7;1,2;62,5;2,5;8,4;5;42;161;231;24;2,3;1,46;1;3;0;0;2,7;0,31;0,07;0,8;64;0,11;0;0;1380;330;;;;"žalia";;;;1;
"Ruginiai miltai sijoti";7,1;1,1;64,1;0,5;7,5;3;30;137;187;24;2,1;1,16;1;3;0;0;1,66;0,23;0,09;0,8;37;0,12;0;0;1404;335;;;;"žalia";;;;1;
"Ruginiai miltai, šveistiniai";;;;;;;91;360;;32;2,7;;;;;;;0,3;0,28;1,3;;;;0;1257;300;;;;"žalia";11,2;1,7;71,8;1;
"Sėlenų duona";10,1;3,2;23,7;3,2;15,5;340;179;462;531;83;3,5;5,72;1,7;3,8;1;0,01;1,27;0,28;0,27;5,7;116;0,17;0;0,1;767;183;;;;"žalia";;;;1;
"Sėmenys";23,4;31;0;9,6;24,4;80;291;722;762;195;8,2;7,8;2;0;0;0;0,7;0,17;0,16;1,4;60;0,04;0;0;1731;414;;;;"žalia";;;;1;
"Sezamų sėklos";22;53,2;0,5;0;7,9;26;352;701;438;783;9,9;8,61;2;0;1;0;2,3;0,76;0,17;4,6;97;0,79;0;0;2499;597;;;;"žalia";;;;1;
"Sumuštinių bandelė";7,6;2,6;42,7;2,9;2,1;396;18;85;99;30;1,1;1,11;1,4;1,8;20;0,22;2,52;0,1;0,08;0,9;27;0,04;0;0,2;1060;253;;;;"žalia";;;;1;
"Šviežios bulvės";2;0,2;14,1;0,7;1,3;7;23;58;390;12;0,9;0,2;0;3;5;0;0,06;0,09;0,05;1,6;25;0,44;0;16;310;74;;;;"žalia";;;;1;
"Manų kruopos";10,3;1;72,1;0,4;2,4;1;16;77;91;15;1,1;0,8;1;0,8;0;0;2,17;0,14;0,03;1,3;21;0,07;0;0;1507;360;;;;"žalia";;;;1;
"Sorų kruopos";10,6;2,9;55;0,6;3,2;5;100;240;220;10;4,8;3,14;2;2,4;0;0;0,1;0,73;0,38;2,3;27;0,75;0;0;1475;352;;;;"žalia";;;;1;
"Abrikosai";0,8;0,2;0,1;8,3;1,9;10;12;28;268;17;0,9;0,07;0;3;254;0;0,5;0,04;0,05;0,6;17;0,08;0;10,5;203;49;;;;"žalia";;;;2;
"Agrastai";0,8;0,2;0;5,4;3;7;14;34;196;31;0,6;0,19;0;0,2;27;0;0,43;0,04;0,04;0,2;12;0,02;0;29,7;142;34;;;;"žalia";;;;2;
"Aguonos";19,9;46,7;1;1,4;20,5;35;456;909;866;1059;8,1;3,34;0;0;0;0;4,9;0,86;0,17;1;58;0,45;0;0;2166;517;;;;"žalia";;;;2;
"Agurkai";0,8;0,2;0,1;1,4;0,7;9;13;29;184;21;0,2;0,19;0;3,5;18;0;0,15;0,04;0,04;0,3;14;0,04;0;5,9;48;11;;;;"žalia";;;;2;
"Ananasai";0,5;0,2;0;0;1,3;16;17;14;190;21;0,7;0,26;1;0;2;0;0,1;0,07;0,02;0,4;11;0,08;0;20,6;219;52;;;;"žalia";;;;2;
"Ananasų sultys";;;;;;;10;7;;19;0,3;;;;;;;0,06;0,02;0,2;;;;8;211;50;;;;"žalia";0,3;0,1;11,4;2;
"Apelsinai";0,8;0,2;0;8,8;2,2;3;17;25;214;44;1;0,13;3;1,9;19;0;0,2;0,07;0,04;0,4;30;0,11;0;51,3;181;43;;;;"žalia";;;;2;
"Apelsinų sultys";;;;;;;11;14;;8;0,4;;;;;;;0,06;0,03;0,3;;;;35;189;45;;;;"žalia";0,6;0,1;9,9;2;
"Arbūzai";0,7;0,2;0;4,9;0,7;7;7;10;95;14;0,6;0,09;0;1,5;3;0;0,1;0,05;0,04;0,2;2;0,14;0;8,5;113;27;;;;"žalia";;;;2;
"Avietės";1,2;0,6;0;4,1;6,4;6;28;45;178;41;1;0,62;0;0,6;19;0;0,48;0,04;0,07;0,4;5;0,09;0;24,3;158;38;;;;"žalia";;;;2;
"Avokadai";1,9;23,5;0;0,4;3,3;3;29;38;503;10;0,6;0,4;1;2;12;0;1,3;0,08;0,15;1,1;30;0,53;0;13;965;224;;;;"žalia";;;;2;
"Baklažanai";1,2;0,2;0,7;2,9;2,3;8;14;44;235;14;0,6;0,22;7;1,1;7;0;0,03;0,04;0,06;0,6;18;0,09;0;7,3;99;24;;;;"žalia";;;;2;
"Baltieji serbentai";0,7;0,2;0;7;6,1;2;9;23;268;33;1;0,22;0;1,1;0;0;0,11;0,08;0,02;0,2;0;0,05;0;44,1;155;37;;;;"žalia";;;;2;
"Bananai";1,2;0,3;2,8;13,5;2,1;12;33;32;370;11;1,1;0,25;4;11;26;0;0,5;0,03;0,05;0,5;19;0,52;0;9,9;408;97;;;;"žalia";;;;2;
"Baravykai";4,4;0,5;0,2;1,2;3;52;16;142;235;22;1,2;0,1;2;0;0;7,53;0,12;0,38;0,26;4;44;0,15;0;3,2;119;29;;;;"žalia";;;;2;
"Braškės";0,9;0,4;0;7,4;1,8;5;17;31;153;29;0,9;0,17;0;0,6;9;0;0,17;0,04;0,07;3;18;0,06;0;66,6;171;41;;;;"žalia";;;;2;
"Briuseliniai kopūstai";4,3;0,5;0,5;0;4,2;8;27;119;405;32;1,7;0,71;18;0,7;60;0;2,5;0,11;0,15;0,7;61;0,25;0;78,7;127;30;;;;"žalia";;;;2;
"Brokoliai";3;0,4;0,1;1,9;2,5;13;26;82;464;105;1,3;0,94;1;15;143;0;0,46;0,1;0,21;0,6;71;0,17;0;83;123;29;;;;"žalia";;;;2;
"Bruknės";0,6;0,5;0,1;8,7;3,6;5;6;13;77;18;0,7;0,25;0;6,5;42;0;1,6;0,02;0,02;0,2;3;0,01;0;12,6;182;43;;;;"žalia";;;;2;
"Bulvės";2;0,1;16,6;0,3;1,6;16;25;52;452;11;0,6;0,36;0;3;3;0;0,06;0,11;0,06;1,3;35;0,2;0;15;338;81;;;;"žalia";;;;2;
"Burokėliai";1,6;0,1;0,2;6,8;2,5;176;17;42;197;30;0,9;0,84;0,8;2,6;2;0;0,03;0,03;0,05;0,2;13;0,05;0;11,4;157;37;;;;"žalia";;;;2;
"Citrinos";0,7;0,4;0;2;3,6;4;23;23;179;26;1;0,15;1;1,5;2;0;0,19;0,05;0,03;0,2;11;0,07;0;48,7;128;31;;;;"žalia";;;;2;
"Cukinijos";1,2;0,1;1,6;0,6;1;1;22;45;250;25;0,4;0,3;0;2,3;34;0;0,1;0,12;0,02;0,4;52;0,09;0;9;67;16;;;;"žalia";;;;2;
"Česnakai";6,2;0,3;14,7;3,9;1,5;10;25;131;436;31;1,3;1,3;20;3,1;9;0;0,01;0,11;0,04;0,7;3;0,13;0;31;589;128;;;;"žalia";;;;2;
"Džiovinti abrikosai";4,6;0,5;0,6;47,5;14;15;52;129;1666;72;4,4;0,3;1;3,2;1300;0;3,03;0,03;0,14;3,1;6;0,21;0;2,4;1049;271;;;;"žalia";;;;2;
"Džiovinti bananai";3,9;1,8;10;58,9;8;3;108;74;1490;22;1,2;0,6;2;8;31;0;0;0,18;0,24;2,8;36;0;0;7;1575;359;;;;"žalia";;;;2;
"Džiovinti baravykai";34,6;2,9;1,8;13;15;41;102;649;2969;94;69,7;1,2;0;0;300;2;0,19;0,3;1,27;14,1;163;0,97;0;2;1065;254;;;;"žalia";;;;2;
"Džiovinti obuoliai";1,8;1,6;1,5;54;10,3;69;29;49;600;37;1,1;0,48;0;4;2;0;2,5;0,09;0,12;0,7;1;0,16;0;11;1036;247;;;;"žalia";;;;2;
"Džiovinti petražolių lapai";;;;;;;296;4090;;1077;41,5;;;;;;;0,33;0,32;5,4;;;;120;639;153;;;;"žalia";20,6;3,8;53,3;2;
"Džiovintos datulės";2;0,4;0;65,3;8,7;2;35;54;650;32;1,3;0,33;3;0,8;7;0;0,3;0,09;0,1;2,2;13;0,19;0;3;1217;291;;;;"žalia";;;;2;
"Džiovintos figos";3,6;1,2;0,3;59;18,5;31;70;101;798;163;3,2;0,69;2;4;13;0;0,3;0,1;0,09;0,7;16;0,2;0;2,5;1171;268;;;;"žalia";;;;2;
"Džiovintos kriaušės";2;1,5;2,3;0;6;6;33;80;530;71;0,9;0,4;1;1,6;20;0;0,4;0,01;0,32;1,4;13;0,07;0;3,3;1259;301;;;;"žalia";;;;2;
"Džiovintos slyvos";3,5;0,7;0;41,2;9,4;8;32;92;822;60;3,4;0,65;1;1;180;0;0,4;0,16;0,12;1,6;4;0,15;0;7,6;1063;275;;;;"žalia";;;;2;
"Gervuogės";1,4;1;0;6,4;5,6;4;28;32;179;44;0,8;0,28;0;0,6;30;0;3,1;0,04;0,04;0,4;34;0,05;0;18,9;175;42;;;;"žalia";;;;2;
"Greipfrutai";0,6;0,2;0;6,5;2;2;10;19;180;20;0,1;0,1;0;1,1;3;0;0,25;0,05;0,03;0,3;10;0,04;0;42;160;38;;;;"žalia";;;;2;
"Gūžiniai  kopūstai (baltieji)";1,5;0,2;0;3,3;2;19;20;42;271;53;0,9;0,24;3;1,9;24;0;0,52;0,06;0,07;0,4;25;0,18;0;32,9;92;22;;;;"žalia";;;;2;
"Gūžiniai kopūstai (raudonieji)";1,5;0,2;0,1;3,4;2;27;19;31;258;40;0,7;0,22;1,8;5,1;5;0;0,1;0,06;0,07;0,3;39;0,18;0;51,8;79;19;;;;"žalia";;;;2;
"Juodieji serbentai";1,2;0,3;0;10,3;6,8;5;19;50;306;45;1,4;0,23;0;1;19;0;1;0,06;0,05;0,3;12;0,08;0;166,2;217;52;;;;"žalia";;;;2;
"Kaliaropės";1,9;0,2;1,1;2,9;2;43;38;81;360;63;2,6;0,27;1;0,6;23;0;0,03;0,05;0,07;0,4;13;0,15;0;44,8;99;21;;;;"žalia";;;;2;
"Kiviai";1;0,6;0,3;9,2;3;4;24;32;290;38;0,8;0,1;0;0;34;0;0,2;0,02;0,05;0,4;42;0,15;0;71;235;56;;;;"žalia";;;;2;
"Kmynai";;;;;;;258;568;;690;16;;;;;;;0,4;0,4;3,6;;;;21;1393;333;;;;"žalia";19,8;14,5;49,9;2;
"Konservuoti kukurūzai";2,9;0,6;12,3;1,7;1,8;310;32;23;200;3;0,6;0,7;1;3,3;35;0;0,5;0,05;0,08;1,2;32;0,18;0;5;433;103;;;;"žalia";;;;2;
"Konservuotos juodosios alyvuogės";1,5;27;0;5;2,4;1305;22;25;287;70;3,5;0,4;1;0;30;0;1,99;0;0,1;1;0;0,02;0;20;1132;270;;;;"žalia";;;;2;
"Konservuotos žaliosios alyvuogės";1,4;12,7;0;0,3;2,4;2400;22;17;385;61;1,6;0,2;1;0;30;0;1,99;0;0;0,1;10;0,02;0;0;532;127;;;;"žalia";;;;2;
"Krapai";2,3;0,4;0,1;0,8;3,3;26;14;101;990;123;2,3;2,6;1;0;350;0;1,7;0,19;0,43;2,4;36;0,3;0;81,3;129;31;;;;"žalia";;;;2;
"Kriaušės";0,4;0,3;0,5;9,2;2,4;5;9;17;127;14;0,5;0,2;1;1,6;7;0;0,4;0,04;0,07;0,1;2;0,02;0;3,7;216;52;;;;"žalia";;;;2;
"Krienai";2,6;0,3;3,4;6,6;7,3;42;36;78;513;103;2,1;1,4;0,2;1;3;0;0;0,13;0,15;0,7;67;0,18;0;112,5;254;61;;;;"žalia";;;;2;
"Kukurūzai";3,7;1,6;13,2;1,7;4,7;2;43;108;299;5;0,7;0,78;1,8;3,3;19;0;0,62;0,22;0,12;1,6;46;0,06;0;12,1;392;94;;;;"žalia";;;;2;
"Laurų lapai";;;;;;;120;110;;830;43;;;;;;;0,01;0,42;2;;;;0;1160;277;;;;"žalia";9,4;5,4;71;2;
"Mandarinai";0,7;0,3;0;8,2;1,9;2;14;23;229;40;0,3;0,24;0;0,8;85;0;0,32;0,06;0,05;0,2;20;0,02;0;31,6;157;38;;;;"žalia";;;;2;
"Mangai";0,6;0,5;0,3;10,5;1,7;5;18;13;190;12;0,4;0,1;1;1,6;335;0;1;0,05;0,05;0,6;36;0,13;0;38,7;291;70;;;;"žalia";;;;2;
"Melionai";0,7;0,1;0;6;1;18;13;19;289;14;0,1;0,02;0;0;110;0;0,1;0,08;0,02;0,6;30;0,06;0;25;135;32;;;;"žalia";;;;2;
"Mėlynės";0,7;0,6;0;6,4;3,2;8;5;13;71;11;0,7;0,11;0;1,2;18;0;3,15;0,03;0,29;0,3;11;0,04;0;16,6;182;44;;;;"žalia";;;;2;
"Morkos";1;0,2;0,4;5,3;3;96;22;41;251;49;0,5;0,28;0,2;7,6;1656;0;0,54;0,07;0,07;1;14;0,23;0;4,9;128;31;;;;"žalia";;;;2;
"Morkų sultys";;;;;;;6;11;;13;0,2;;;;;;;0,02;0,02;0,2;;;;1,2;190;45;;;;"žalia";0,4;0,1;11,3;2;
"Obuoliai";0,4;0,4;0,6;7,9;1,9;6;6;13;135;8;0,6;0,14;1;2,2;8;0;0,53;0,05;0,05;0,2;3;0,15;0;8;220;53;;;;"žalia";;;;2;
"Obuolių sultys";;;;;;;5;6;;6;0,2;;;;;;;0,01;0,01;0,1;;;;2,3;185;44;;;;"žalia";0,1;0,1;10;2;
"Paprikos (raudonosios)";1,3;0,5;0,1;4,5;2;6;18;37;310;15;1;0,3;0;1;500;0;2,9;0,08;0,12;1,6;52;0,45;0;144;123;29;;;;"žalia";;;;2;
"Persikai";0,8;0,2;0;7,8;2,3;7;12;25;224;18;0,5;0,05;0;2;69;0;0,96;0,02;0,05;0,9;10;0,1;0;3,6;196;47;;;;"žalia";;;;2;
"Petražolių lapai";4,2;0,4;0,4;0,8;5,6;21;51;99;868;203;5;0,92;1;1,8;902;0;3,73;0,11;0,23;0,6;180;0,2;0;171,3;147;35;;;;"žalia";;;;2;
"Petražolių šaknys";2,6;0,5;0,2;4,8;4;27;40;79;562;68;1,9;1,21;0;1,8;5;0;2,87;0,11;0,1;1,7;180;0,23;0;67,2;163;39;;;;"žalia";;;;2;
"Pievagrybiai";2,8;0,2;0,2;0,4;2;8;13;123;422;8;1,3;0,39;3;1;2;1,9;0,08;0,1;0,44;5,2;25;0,06;0;4,9;84;20;;;;"žalia";;;;2;
"Pomidorai";1;0,2;0,2;2,4;1,6;6;23;28;260;11;0,4;0,25;1;3,1;107;0;0,6;0,09;0,08;0,5;31;0,13;0;22,4;69;17;;;;"žalia";;;;2;
"Pomidorų sultys";;;;;;;11;18;;9;0,6;;;;;;;0,05;0,03;0,6;;;;13,7;58;14;;;;"žalia";0,8;0,1;2,6;2;
"Pomidorų tyrė";;;;;;;57;71;;47;2;;;;;;;0,11;0,14;1,4;;;;54,4;462;110;;;;"žalia";3,9;0,5;23,7;2;
"Porai";2,2;0,3;0,1;2,5;2,5;6;19;54;232;86;1,1;0,31;0,76;1,3;100;0;0,9;0,07;0,04;0,4;56;0,25;0;25;127;30;;;;"žalia";;;;2;
"Rabarbarai";1,1;0,1;0,2;0,5;3,2;19;27;35;319;50;0,6;0,5;0,5;1;29;0;0,2;0,02;0,03;0,2;3;0,03;0;10,8;36;9;;;;"žalia";;;;2;
"Raudonieji serbentai";1,1;0,3;0;7,5;5,4;4;12;30;225;28;1,1;0,25;0;1,1;7;0;0,16;0,05;0,03;0,2;12;0,05;0;34,5;159;38;;;;"žalia";;;;2;
"Razinos";2,7;0,6;0;59,5;9,7;21;51;122;684;57;2,8;0,3;1;2;2;0;0,2;0,11;0,06;0,6;8;0,19;0;1,5;1172;280;;;;"žalia";;;;2;
"Ridikai";1;0,1;0;2,2;1,6;9;9;29;350;50;0,6;0,2;2;7;3;0;0;0,05;0,04;0,4;24;0,11;0;20;65;16;;;;"žalia";;;;2;
"Ridikėliai";1,1;0,1;1,6;1,5;1,6;46;16;32;276;47;1;0,31;0;5,2;4;0;0,1;0,04;0,02;0,3;27;0,06;0;22,6;68;17;;;;"žalia";;;;2;
"Ropės";1,1;0,3;0,6;3,9;3,7;17;10;32;236;47;0,6;0,15;0;4;12;0;0;0,04;0,05;1;20;0,08;0;23,8;110;26;;;;"žalia";;;;2;
"Rūgštynės";1,1;0,8;0,1;0,5;2,6;14;19;23;333;80;2;0,8;0;0;640;0;0,3;0;0,3;0,6;13,2;0,15;0;35;90;21;;;;"žalia";;;;2;
"Salierų šaknys";1,3;0,3;0,4;3,6;3,4;87;16;59;375;71;0,7;0,5;1;2,5;11;0;0,8;0,05;0,05;1;12;0,18;0;8,5;104;25;;;;"žalia";;;;2;
"Salotos";1,3;0,3;0;0;1,4;20;23;30;255;57;1,1;0,57;1;3,8;197;0;0,54;0,07;0,09;0,3;80;0,13;0;12;51;12;;;;"žalia";;;;2;
"Saulėgrąžos";22,5;49;16,3;1,7;2,7;2;420;618;725;98;6,3;5,2;2;0;3;0;37,77;1,9;0,14;4,1;60;1,25;0;0;2559;611;;;;"žalia";;;;2;
"Slyvos";0,7;0,2;0;8,2;2,2;4;11;25;225;17;0,7;0,05;0;0,4;48;0;0,7;0,07;0,05;0,5;3;0,19;0;4,7;239;57;;;;"žalia";;;;2;
"Sojos";37;19,3;5,4;6,1;15,3;32;248;599;1796;254;9,1;4,9;2;17;8;0;0,9;1,1;0,31;2,5;375;1,12;0;0;1657;396;;;;"žalia";;;;2;
"Spanguolės";0,4;0,7;0;3,4;1,7;2;8;10;105;14;0,7;0,3;0;0;10;0;1,6;0,03;0,02;0,1;2;0,06;0;10,4;180;43;;;;"žalia";;;;2;
"Svogūnai";1,4;0,3;0,1;4,8;2,6;13;12;38;169;42;0,6;0,4;1;3,7;8;0;0,14;0,04;0,05;0,2;34;0,13;0;7;147;35;;;;"žalia";;;;2;
"Svogūnlaiškiai";2,8;0,2;0;1,7;2,1;12;22;29;233;89;2,2;0,37;1;0,4;420;0;1,6;0,06;0,07;0,6;64;0,22;0;37,2;85;20;;;;"žalia";;;;2;
"Špinatai";2,5;0,4;0,1;0,3;1,8;68;61;30;601;86;3,4;0,7;1,7;3,4;700;0;2,97;0,15;0,22;0,7;194;0,34;0;51,2;79;19;;;;"žalia";;;;2;
"Trešnės";0,9;0,4;0;11,7;2;5;11;26;200;19;0,6;0,13;0;0,9;35;0;0,13;0,04;0,06;0,3;5;0,05;0;10,1;252;60;;;;"žalia";;;;2;
"Vynuogės";0,7;0,4;0;15,1;2,1;7;11;29;243;21;0,8;0,18;3;3,7;6;0;0,4;0,05;0,03;0,3;4;0,09;0;16,7;301;69;;;;"žalia";;;;2;
"Vynuogių sultys";;;;;;;10;25;;20;0,2;;;;;;;0,04;0,04;0,3;;;;2,5;274;65;;;;"žalia";0,6;0;15;2;
"Vyšnios";1;0,6;0;7,8;2,4;7;15;28;217;21;1;0,05;0;0,2;44;0;0,13;0,03;0,04;0,3;8;0,05;0;5,8;214;51;;;;"žalia";;;;2;
"Žiediniai kopūstai";2,5;0,3;0,3;2,1;2;16;18;55;328;20;0,6;0,34;3;1,4;7;0;0,22;0,11;0,1;0,6;62;0,19;0;73;96;20;;;;"žalia";;;;2;
"Šparaginės pupelės";2;0,3;3;0,7;3,9;5;31;41;248;48;1,3;0,38;1;2,1;57;0;0,3;0,12;0,11;0,6;25;0,16;0;16;110;26;;;;"žalia";;;;2;
"Žalieji žirneliai";6,4;0,4;3,9;4;7,4;13;29;133;338;32;1,4;1,36;0;4,7;53;0;0,3;0,26;0,17;2;39;0,38;0;34,2;294;70;;;;"žalia";;;;2;
"Grietinė, 25% riebumo";;;;;;;10;67;;93;0,1;;;;;;;0,03;0,12;0,1;;;;0;1045;249;;;;"geltona";2,6;25;3,3;3;81,5
"Grietinėlė, 10% riebumo";;;;;;;11;79;;109;0,1;;;;;;;0,03;0,14;0,1;;;;0;503;120;;;;"geltona";3;10;4,3;3;35
"Grietinėlė, 20% riebumo";;;;;;;10;71;;99;0,1;;;;;;;0,03;0,13;0,1;;;;0;867;207;;;;"geltona";2,8;20;3,7;3;50
"Kefyras, 2,5% riebumo";;;;;;;12;91;;119;0,1;;;;;;;0,04;0,17;0,1;;;;1;239;60;;;;"geltona";3,4;2,5;4,9;3;10
"Kefyras, 3,2% riebumo";;;;;;;12;85;;118;0,1;;;;;;;0,04;0,17;0,1;;;;1;256;61;;;;"geltona";3,3;3,2;4,5;3;10
"Kondensuotas pienas be cukraus";;;;;;;26;225;;269;0,1;;;;;;;0,06;0,16;0,2;;;;1,4;598;143;;;;"geltona";7,2;8,1;10,3;3;24,8
"Liesa varškė";;;;;;;9;240;;96;0,2;;;;;;;0,03;0,5;0,1;;;;0;415;99;;;;"geltona";19,8;0,5;3,5;3;2
"Liesas pienas";;;;;;;12;91;;113;0,2;;;;;;;0,04;0,14;0,1;;;;1,8;137;33;;;;"geltona";3,4;0,1;4,9;3;3
"Liesas varškės sūris";;;;;;;9;270;;104;0,2;;;;;;;0;0,3;0,5;;;;0,5;568;136;;;;"geltona";28,5;0,5;4;3;3
"Pasukos";;;;;;;11;90;;118;0,1;;;;;;;0,04;0,17;0,1;;;;0,6;152;36;;;;"geltona";3,5;0,7;4,4;3;4
"Pienas, 1,0% riebumo";;;;;;;12;97;;120;0,1;;;;;;;0,04;0,17;0,1;;;;1;181;43;;;;"geltona";3,4;1;4,8;3;5
"Pienas, 2,5% riebumo";;;;;;;12;91;;119;0,1;;;;;;;0,04;0,17;0,1;;;;1;238;56;;;;"geltona";3,4;2,5;4,9;3;10
"Pienas, 3,2% riebumo";;;;;;;12;85;;118;0,1;;;;;;;0,04;0,17;0,1;;;;1;256;61;;;;"geltona";3,3;3,2;4,8;3;13
"Pienas, 3,5% riebumo";;;;;;;12;85;;118;0,1;;;;;;;0,04;0,17;0,1;;;;1;273;65;;;;"geltona";3,3;3,5;4,8;3;14
"Pieniniai ledai";;;;;;;17;101;;136;0,1;;;;;;;0,03;0,16;0,1;;;;0,4;523;125;;;;"geltona";4,2;3,5;18,1;3;14
"Rūgpienis, 2,5% riebumo";;;;;;;12;91;;119;0,1;;;;;;;0,03;0,13;0,1;;;;0,8;239;57;;;;"geltona";3,4;2,5;4,9;3;10
"Rūgpienis, 3,2% riebumo";;;;;;;12;93;;120;0,1;;;;;;;0,03;0,14;0,1;;;;1;256;61;;;;"geltona";3,3;3,2;4,5;3;10
"Sūris „Nemunas""";;;;;;;50;400;;750;1;;;;;;;0;0,4;0,2;;;;2,5;1443;345;;;;"geltona";21;28;2;3;100
"Šėtos sūris";;;;;;;50;560;;1040;1;;;;;;;0;0,2;0,4;;;;3,2;1061;253;;;;"geltona";27,8;14,8;2,1;3;100
"Varškė, 18% riebumo";;;;;;;23;216;;88;0,5;;;;;;;0,05;0,3;0,1;;;;0;980;234;;;;"geltona";14;18;3,8;3;60
"Varškė, 5% riebumo";;;;;;;9;227;;94;0,2;;;;;;;0,02;0,45;0,2;;;;0;555;135;;;;"geltona";18,7;5;3,7;3;17
"Varškė, 9% riebumo";;;;;;;9;216;;88;0,2;;;;;;;0,03;0,36;0,1;;;;0;670;160;;;;"geltona";16;9;3,5;3;37
"Varškės sūris, 13% riebumo";;;;;;;10;230;;97;0,2;;;;;;;0,1;0,3;0,3;;;;0,5;891;213;;;;"geltona";20,1;13;3,6;3;53
"Varškės sūris, 22% riebumo";;;;;;;10;230;;96;0,2;;;;;;;0,05;0,3;0,1;;;;0,5;1202;287;;;;"geltona";18,2;22;3,8;3;90
"Migdolai";20;52;2,7;6,6;12,9;11;251;471;833;279;4,4;2,51;2;2;20;0;24;0,2;0,57;3,5;59;0,09;0;3,4;2430;580;;;;"geltona";;;;4;
"Anakardžių riešutai";15,8;46,3;14,5;2;6;15;266;402;553;35;3,6;5,6;2;10;10;0;5,69;0,55;0,25;1,9;69;0,26;0;0;2448;585;;;;"geltona";;;;4;
"Antiena";;;;;;;12;112;;11;1,5;;;;;;;0,15;0,2;4;;;;0;1300;310;;;;"geltona";13,5;28,4;0,2;4;105
"Aviena";;;;;;;23;155;;10;2,3;;;;;;;0,14;0,19;4,5;;;;0;1008;241;;;;"geltona";14,5;20,3;0;4;78
"Daktariška dešra";;;;;;;17;110;;36;1,9;;;;;;;0,2;0,13;2;;;;0,7;1010;241;;;;"geltona";10,3;21,9;0,8;4;97
"Džiovinti žirniai";22,4;1,3;43,4;2,1;11,6;12;122;343;855;76;6,3;2,66;2;19;11;0;0,3;0,8;0,19;2,5;28;0,26;0;2,7;1257;300;;;;"geltona";;;;4;
"Graikiniai riešutai";18,5;60,4;2;3,4;5,9;6;247;420;966;106;3,7;5,59;2;1,2;31;0;2,6;0,4;0,13;0,9;72;0,68;0;11,2;2741;655;;;;"geltona";;;;4;
"Jaučių liežuviai";;;;;;;21;140;;9;3,2;;;;;;;0,08;0,34;4,5;;;;3;743;178;;;;"geltona";16,2;12,4;0,3;4;80
"Jautienos filė, aukšč. rūš.";;;;;;;20;95;;7;1,8;;;;;;;0,11;0,15;6;;;;0;429;103;;;;"geltona";20,4;2,2;0,2;4;59
"Jautienos kumpis, I rūš.";;;;;;;26;169;;29;4,2;;;;;;;0,09;0,19;4,7;;;;0;617;147;;;;"geltona";19,4;7,7;0,2;4;70
"Jautienos mentė, vienarūšė jautiena";;;;;;;23;162;;20;3,7;;;;;;;0,08;0,14;4,4;;;;0;732;175;;;;"geltona";19,9;10,5;0,2;4;100
"Jautienos nugarinė, I rūš.";;;;;;;28;135;;17;4,1;;;;;;;0,09;0,17;6;;;;0;637;152;;;;"geltona";20,6;7,6;0,3;4;80
"Jūrų lydeka";;;;;;;23;142;;41;0,5;;;;;;;0,1;0,2;3;;;;0;371;89;;;;"geltona";17,2;2,2;0;4;50
"Kalakutiena";;;;;;;19;208;;15;2,3;;;;;;;0,08;0,1;8;;;;1,2;530;127;;;;"geltona";17,5;6,2;0,2;4;55
"Karpis";;;;;;;22;218;;33;1,1;;;;;;;0,03;0,03;1,5;;;;0,8;513;123;;;;"geltona";17,1;6;0,1;4;70
"Kauno saliamis, parūkytas";;;;;;;31;173;;38;4;;;;;;;0,34;0,21;5,1;;;;1,2;1408;336;;;;"geltona";19,3;28,7;0,2;4;124
"Kiauliena, neriebi";;;;;;;26;216;;5;1,4;;;;;;;0,63;0,25;6,3;;;;0;554;133;;;;"geltona";18,9;6,3;0;4;57
"Kiaulienos faršas";;;;;;;15;86;;12;1;;;;;;;0,3;0,12;3;;;;0,9;1224;292;;;;"geltona";10,7;50;0;4;71
"Kiaulienos mentė";;;;;;;22;132;;27;1,1;;;;;;;0,71;0,16;4,3;;;;1,7;983;235;;;;"geltona";16,3;18,7;0,2;4;80
"Kiaulienos nugarinė su kaulu";;;;;;;24;208;;15;1;;;;;;;0,99;0,19;7,2;;;;0;729;174;;;;"geltona";21;10;0;4;69
"Kiaulienos sardelės";;;;;;;16;70;;15;1,4;;;;;;;0,21;0,08;1,8;;;;0,8;1118;267;;;;"geltona";7,6;26,2;0,2;4;53
"Kiaulių liežuviai";;;;;;;28;200;;14;5,1;;;;;;;0,33;0,42;4,8;;;;4,4;846;202;;;;"geltona";16,4;14,9;0,5;4;101
"Kiaušiniai";;;;;;;37;262;;59;2;;;;;;;0,09;0,33;0,1;;;;0;659;157;;;;"geltona";12,3;11,7;0,7;4;438
"Kokosai";4,5;35,3;0;4,8;9;54;47;115;489;34;2;0,5;1;1,2;0;0;2,7;0,07;0,01;0,4;26;0,06;0;2;1516;362;;;;"geltona";;;;4;
"Kokosų drožlės";5,7;63;0;6;21,1;69;91;211;729;51;3,8;2;1;3;0;0;1,26;0,1;0,06;0,7;9;0,21;0;0;2573;615;;;;"geltona";;;;4;
"Konservuoti žirneliai";4,9;0,2;6,3;3,6;5,7;178;28;73;115;40;1,7;0,7;0;7,7;42;0;0,17;0,17;0,08;0,7;44;0,04;0;4;270;64;;;;"geltona";;;;4;
"Lazdynų riešutai";17,6;63,2;2;3,4;8,9;9;144;265;578;239;3,6;1,95;3;17;5;0;22,6;0,42;0,22;1,2;72;0,57;0;4,2;2786;658;;;;"geltona";;;;4;
"Lęšiai";25,4;1,1;44,5;1,1;8,9;10;99;371;847;78;5,8;3,3;11;1,8;10;0;0,3;0,53;0,21;1,9;433;0,6;0;2,5;1307;312;;;;"geltona";;;;4;
"Marinuota Atlanto silkė";;;;;;;26;162;;44;1,1;;;;;;;0,02;0,23;1,1;;;;0;750;179;;;;"geltona";17,5;10,6;3,2;4;70
"Krevetės";;;;;;;;;;;;;;;;;;;;;;;;;;;;;;;;;;4;152
"Lašišos";;;;;;;;;;;;;;;;;;;;;;;;;;;;;;;;;;4;70
"Ikrai";;;;;;;;;;;;;;;;;;;;;;;;;;;;;;"geltona";;;;4;588
"Menkė";;;;;;;29;208;;23;0,4;;;;;;;0,1;0,23;1,5;;;;2;314;75;;;;"geltona";17,7;0,4;0,1;4;43
"Menkių filė";;;;;;;29;145;;7;0,6;;;;;;;0,07;0,05;2,4;;;;1;286;68;;;;"geltona";16,5;0,3;0;4;50
"Mėsos ir kaulų sultinys";;;;;;;1;13;;6;0,2;;;;;;;0,01;0,02;0,8;;;;0;28;7;;;;"geltona";1,2;0,2;0;4;
"Panerio dešra";;;;;;;18;83;;15;1,8;;;;;;;0,21;0,09;2,3;;;;0,7;1036;248;;;;"geltona";9,7;23,1;0,1;4;58
"Pieniškos dešrelės";;;;;;;9;64;;27;0,9;;;;;;;0,04;0,08;1,4;;;;0;1157;276;;;;"geltona";6,9;27,3;0,9;4;58
"Pistacijos";20,5;48,5;2,5;6,8;6,1;6;108;384;785;107;6,6;1,01;2;0;23;0;5,2;0,82;0,17;1,1;58;0;0;0;2552;610;;;;"geltona";;;;4;
"Pupelės";22,8;1,6;40;4,6;15;10;173;418;1211;120;6,6;2,82;2;2,6;2;0;0,49;0,71;0,24;2,4;260;0,42;0;2,5;1247;290;;;;"geltona";;;;4;
"Servelatas, rūkytas";;;;;;;22;144;;27;2,4;;;;;;;0,3;0,19;5,3;;;;0;2096;501;;;;"geltona";17,4;47,7;0,3;4;92
"Sūdyta .Atlanto silkė";;;;;;;39;341;;62;1,1;;;;;;;0,35;0,29;3;;;;0;928;222;;;;"geltona";20;15,4;0,7;4;70
"Šprotai aliejuje";;;;;;;53;348;;297;2,2;;;;;;;0,02;0,26;1,6;;;;1,5;1451;347;;;;"geltona";15,1;31,6;0,5;4;52
"Veršienos nugarinė";;;;;;;18;134;;12;1,7;;;;;;;0,11;0,2;5,1;;;;0;434;104;;;;"geltona";19,6;2,7;0,3;4;62
"Viščiukai";;;;;;;21;187;;10;1,2;;;;;;;0,08;0,11;8;;;;0,7;679;162;;;;"geltona";19,4;9,3;0,3;4;81
"Viščiukų krūtinėlės be odos";;;;;;;33;146;;5;0,4;;;;;;;0,09;0,15;11,2;;;;0,7;436;104;;;;"geltona";23,6;0,9;0,3;4;59
"Viščiukų sparneliai";;;;;;;18;139;;14;1,4;;;;;;;0,05;0,09;5,9;;;;1;781;187;;;;"geltona";19,2;12,2;0;4;77
"Viščiukų šlaunelės";;;;;;;23;196;;9;1;;;;;;;0,08;0,23;5,4;;;;0,8;666;159;;;;"geltona";16,8;10,2;0;4;84
"Viščiukų oda";;;;;;;;;;;;;;;;;;;;;;;;;;;;;;"geltona";;;;4;135
"Viščiukų kepenėlės";;;;;;;;;;;;;;;;;;;;;;;;;;;;;;;;;;4;380
"Kiaulių smegenys";;;;;;;;;;;;;;;;;;;;;;;;;;;;;;;;;;4;2500
"Kiaulių kepenys";;;;;;;;;;;;;;;;;;;;;;;;;;;;;;;;;;4;340
"Kiaušinio trynis";;;;;;;;;;;;;;;;;;;;;;;;;;;;;;;;;;4;1636
"Kiaušinio baltymas";;;;;;;;;;;;;;;;;;;;;;;;;;;;;;;;;;4;0
"Vištiena";;;;;;;38;165;;14;1,9;;;;;;;0,09;0,15;5,2;;;;2,1;888;212;;;;"geltona";18,7;15;0,5;4;81
"Vištienos sultinys";;;;;;;1;3;;5;0,1;;;;;;;0;0;0,2;;;;0;20;5;;;;"geltona";0,2;0,3;0,2;4;
"Žąsiena";;;;;;;20;186;;9;2,8;;;;;;;0,1;0,3;8;;;;0,8;1540;368;;;;"geltona";14,6;34,3;0,1;4;72
"Žemės riešutai";25,7;46,1;5,5;6,2;7,3;8;188;358;707;78;2,5;3,17;2;16,5;0;0;9,3;0,7;0,12;15,5;101;0,39;0;0;2382;569;;;;"geltona";;;;4;
"Žemės riešutai pakepinti";26,5;49;5,5;6,2;7,2;430;150;411;700;67;2;2,9;2;19;0;0;9;0,6;0,1;14,8;105;0,3;0;0;2501;597;;;;"geltona";;;;4;
"Alyvų aliejus";;;;;;;0;1;;0;0,4;;;;;;;0;0;0;;;;0;3700;883;;;;"raudona";0,1;99,5;0,2;5;
"Grietinė, 30% riebumo";;;;;;;9;62;;86;0,1;;;;;;;0,02;0,11;0,1;;;;0;1226;293;;;;"raudona";2,4;30;3,1;5;106
"Grietinėlė, 35% riebumo";;;;;;;6;51;;67;0,1;;;;;;;0,03;0,15;0,1;;;;1;1413;338;;;;"raudona";2,3;35;3,1;5;109
"Lydyti kiauliniai taukai";;;;;;;1;3;;2;0,3;;;;;;;0,02;0;0;;;;0;3752;896;;;;"raudona";0,2;99,5;0;5;99
"Majonezas „Provansal""";;;;;;;13;54;;33;0,2;;;;;;;0,01;0,05;0;;;;0;2617;625;;;;"raudona";2,8;67;2,6;5;
"Margarinas „Rama""";;;;;;;0;3;;5;0;;;;;;;0;0,01;0;;;;0;2257;540;;;;"raudona";0,1;60;0,4;5;
"Neriebus majonezas";;;;;;;2;26;;14;0,1;;;;;;;0;0,02;0;;;;0;1397;334;;;;"raudona";1,2;32,5;8,5;5;
"Rapsų aliejus";;;;;;;0;0;;0;0;;;;;;;0;0;0;;;;0;3700;884;;;;"raudona";0,1;99,8;0,1;5;
"Rūkyti lašiniai";;;;;;;2;26;;1;0,3;;;;;;;0,43;0,07;2,3;;;;0;3415;815;;;;"raudona";1,4;90;0;5;90
"Saulėgrąžų aliejus";;;;;;;0;0;;0;0,1;;;;;;;0;0;0;;;;0;3700;884;;;;"raudona";0,1;99,8;0,1;5;
"Sviestas, 72% riebumo";;;;;;;1;12;;12;0,1;;;;;;;0,01;0,12;0;;;;0;2765;660;;;;"raudona";0,8;72,5;1,1;5;220
"Sviestas. 82,5% riebumo";;;;;;;3;25;;21;0,1;;;;;;;0;0,1;0,1;;;;0,3;3116;744;;;;"raudona";0,7;82,6;0,8;5;250
"Pieninis šokoladas";;;;;;;97;302;;294;1,2;;;;;;;0,09;0,36;0,4;;;;0;2367;565;;;;"raudona";9,8;32,8;54,7;6;
"Chalva";;;;;;;178;292;;211;33,2;;;;;;;0,4;0,2;2,2;;;;2;2161;517;;;;"raudona";11,6;29,9;54,6;6;
"Cukrus";;;;;;;0;0;;1;0,3;;;;;;;0;0;0;;;;0;1652;395;;;;"raudona";0;0;99,8;6;
"Irisai";;;;;;;20;151;;148;0,4;;;;;;;0,02;0,15;0,1;;;;0;1797;429;;;;"raudona";3;7,5;82,5;6;
"Kakava su pienu ir cukrumi";;;;;;;13;95;;108;0,4;;;;;;;0,03;0,16;0,1;;;;0;285;68;;;;"raudona";3,5;1,5;10;6;
"Kakavos milteliai";;;;;;;520;660;;105;11;;;;;;;0,09;0,11;1,9;;;;0;1380;315;;;;"raudona";21;21,3;45;6;
"Kondensuotas pienas su cukrumi";;;;;;;26;233;;295;0,3;;;;;;;0,08;0,4;0,2;;;;3,8;1396;333;;;;"raudona";8,8;9,1;54,8;6;34
"Medus";;;;;;;8;12;;5;0,5;;;;;;;0;0,02;0,2;;;;2;1399;324;;;;"raudona";0,3;0;81,7;6;
"Plombyras";;;;;;;21;114;;159;0,2;;;;;;;0,03;0,2;0,1;;;;0,6;856;204;;;;"raudona";3,9;15;16;6;50
"Aprašymas";"Augaliniai baltymai pasisavinami blogiau, nei gyvuliniai. Augaliniuose baltymuose trūksta kelių pagrindinių aminorūgščių. Baltymai ląstelėse atlieka labai daug svarbių funkcijų. Pvz.: baltymas hemoglobinas perneša deguonį, iš baltymų gaminami antikūniai - apsauginės medžiagos.";"Riebalai yra svarbus energijos šaltinis. Jie įeina į visų organizmo ląstelių sudėtį, todėl jų būtina gauti su maistu. Su riebalais gaunama polinesočiųjų riebalų rūgščių, kurių organizmas pats negamina, riebaluose tirpių vitaminų A, D, E, K. Aliejai spaudžiami arba ekstrahuojami iš aliejinių augalų sėklų ir vaisių. Didžiausia biologine verte pasižymi šalto spaudimo būdu gautas aliejus. Aliejuose yra dideli lipidų, polinesočiųjų riebalų rūgščių ir vitamino E kiekiai. Kepant aliejus turi būti maksimalios temperatūros, kad mažiau absorbuotųsi į kepinius. ";"Pagrindinis energijos šaltinis. Kartu gaunami vandenyje tirpūs vitaminai, mineralinės medžiagos, skaidulos. Turi sudaryti didžiąją paros maisto dalį.";"Svarbiausia energinė medžiaga, dalyvaujanti daugelyje organizme vykstančių cheminių reakcijų. Būtina smegenų ir nervų sistemos veiklai.  Tačiau perteklinis  gryno cukraus vartojimas gali tapti ligų ir antsvorio priežastimi. Patartina baltąjį, rafinuotą cukrų pakeisti ruduoju, kuriame yra per 200 mineralinių ir organinių junginių.";"Pagrindinis energijos šaltinis. Jų neskaido virškinimo fermentai, bet šiek tiek skaidomi storojoje žarnoje. Skatina žarnyno veiklą, apsaugo nuo vidurių užkietėjimo. Mažina cholestorolio koncentraciją kraujyje.";"Daugiausiai natrio gaunama su valgomąja druska. Natris dalyvauja organizmo apykaitos procesuose, padeda patekti į ląsteles amino rūgštim, kaliui.";"Magnio yra organizmo kauluose, jis dalyvauja daugelio fermentų veikloje, angliavandenių, lipidų, energijos apykaitoje, baltymų sintezėje.";"Fosforas ir kalcis yra pagrindinės kaulų ir dantų sudedamosios dalys. Svarbus maisto medžiagų pasisavinimui ir apykaitai.";"Kalis skatina organizmo skysčių apykaitą, dalyvauja daugelyje fermetinių procesų. Kalis pasižymi kraujospūdį mažinančiu poveikiu.";"Kalcis yra pagrindinis kaulų komponentas, taip pat sudedamoji kraujo dalis. Būtinas nervų sistemos veiklai. Kalcio pasisavinimą gerina vitaminas D, magnis, fosforas.";"Geležis geriau pasisavinama iš gyvūlinių maisto produktų. Dalyvauja susidarant raudoniesiems kraujo kūneliams. Vienas svarbiausių elementų vaiko organizmui. ";"Cinkas labai svarbus imuninės sistemos veiklai. Padeda formuotis skeletui, atsinaujinti ląstelėms, būtinas augimui ir brendimui.";"Selenas veikia kaip antioksidantas. Trukdo susidaryti laisviesiems radikalams.";"Jodas yra būtins normaliai skydliaukės veiklai. O ji lemia protinę veiklą, plaukų, odos ir dantų būklę. Pagrindinis šaltinis - joduota druska.  Į patiekalus joduotą druską reikia berti baigiant juos ruošti.";"Vitaminas A stiprina akies tinklainę, palaiko normalią odos ir gleivinės būklę, būtinas kaulų ir dantų formavimuisi, nuo jo greičiau gyja žaizdos. Gerai išsilaiko verdamuose produktuose.";"Žmogaus organizme susidaro vitaminas D3, augaluose D2, abi šios medžiagos turi tokį patį poveikį. Vitaminas D labai svarbus fosforo ir kalcio, pagrindinių kaulų ir dantų sudedamųjų dalių apykaitai.  Vitaminas D taip pat gerina magnio pasisavinimą. Kasdien 10 minučių būnant saulėje vitaminu D visiškai apsirūpinama. Vitamino D preparatus rekomenduojama naudoti saikingai, nes labai pavojingos per didelės dozės.";"Vitaminas E - antioksidantas. Be to  apsaugo nuo ateroskelozės, skatina žaizdų gijimą, stiprina imunitetą. Stimuliuoja raumenų veiklą ir lytinių liaukų funkcijas.";"Skatina normalų augimą, vaisingumą. Reikalingas nervų sistemai atsistatyti. Ypač daug nevalytuose grūduose. Trūkstant atsiranda dirglumas, greitai pavargstama. Ypač svarbus dirbantiems sunkų fizinį darbą.";"Vitamino B2 trūkumą rodo paraudimai ir įtrūkimai apie lūpas, akis, ausis, sausa oda ir gleivinė. Būtinas baltymų apykaitai, daro įtaką augimui. Būtinas normaliam odos ir gleivinės funkcionavimui.  Atsparus kaitrai, bet lengvai suyra nuo šviesos. Vadinamas ""augimo"" vitaminu.";"Vitaminas PP padeda funkcionuoti nervų sistemai, virškinimo traktui, kraujo apykaitai.  ";"Folio rūgštis būtina nėščioms moterims. Ji labai svarbi augimui ir vystimuisi, baltymų apykaitai, ląstelių dalijimuisi ir atsinaujinimui. Dalyvauja raudonųjų kraujų kūnelių brendimo procese. Pavadinimas kilęs iš lotynų k. Folium - lapai)";"Vitaminas B6 svarbus augimui, būtinas imuninei sistemai, skatina hemoglobino gamybą. Reikalingas baltymų apykaitai. Normaliai maitintas, paprastai jo netrūksta, tačiau didesnis poreikis atsiranda augimo, nėštumo, laktacijos periodu.";"Vitaminas B12 labai svarbus augimui. Mažina cholesterolio koncentraciją, dalyvauja kraujodaroje.  Dėl jo stokos atsiranda mažakraujystė. ";"Vitaminas C svarbus antioksidantas, stiprina imuninę sistemą, skatina žaizdų gijimą, padeda rezorbuoti geležį. Svarbus medžiagų apykaitai ir kitų vitaminų įsisavinimui. Neatspariausias iš visų vitaminų, lengvai oksiduojasi aukštoje temperatūroje ir šalia metalų. Verdamose daržovėse žūva 1/3 vitamino C. Raugintuose produktuose vitaminas C išlieka.";;;"Vitaminas H arba biotinas dalyvauja angliavandenių ir riebalų apykaitoje. Normaliai maitinantis, trūksta retai. Trūkumą gali rodyti dermatitas ir seborėja. Šaltiniai: mielės, kepenys, inkstai, kiaušiniai, pienas, jautiena, avižos, žirniai.";"Vitamino B3 yra beveik visuose maisto produktuose. Svarbus augimui, nes dalyvauja svarbiausioje medžiagų apykaitos reakcijoje. Šaltiniai: mielės, avių kepenys, kiaušiniai, žalieji žirneliai, ruginė duona, bulvės, pienas, jautiena.";"Vitaminas K svarbus kraujo krešėjimui, skatina raumenų veiklą, stiprina imuninę sistemą. Labai svarbu, kad jo netrūktų nėštumo metu, nes naujagimis gali susirgti hemoragine liga. Šaltiniai: špinatai, pomidorai, šermukšnių uogos, kopūstai, salotos, morkos, žalieji žirneliai, žemuogės, bulvės.";"Maisto šviesoforo arba kaip mes vadiname maistoforo, šviesa populiariai parodo, kuriai maisto grupei priklauso produktas. Žalia šviesa - pirma ir antra maisto grupės. Pagrindinis maistas. Geltona šviesa - trečia ir ketvirta maisto grupės. Kelios sąlyginės porcijos per dieną. Raudona šviesa - penkta, šešta maisto grupės. Vartoti saikingai. Proginis arba šventinis maistas.";"Baltymai -""statybinė"" ląstelių medžiaga,  išnešioja įvairias medžiagas po organizmą, iš baltymų gaminami antikūniai, kurie kovoja su infekcijomis. Baltymai ląstelėse atlieka daug svarbių funkcijų. Iš maistinių baltymų pats vertingiausias yra kiaušinio baltymas. ";"Pagrindinis energijos šaltinis. Kartu gaunami vandenyje tirpūs vitaminai, mineralinės medžiagos, skaidulos. Turi sudaryti didžiąją paros maisto dalį.";"Riebalai - energijos šaltinis. Įeina į visų organizmo ląstelių sudėtį.Riebalų poreikis priklauso nuo amžiaus, lyties, fizinio aktyvumo.";"Maisto produktai skirstomi į šešias grupes. Pamatinei pirmai grupei priklauso duona, grūdai, bulvės. Antra grupė - vaisiai ir daržovės, tai taip pat pagrindinis maistas. Trečia grupė - pieno produktai. Ketvirta grupė - mėsa, paukštiena, žuvis, ankštiniai, riešutai. Trečios ir ketvirtos maisto gupės produktų reikėtų  suvartoti 2-3 sąlygines porcijas per dieną. Penkta grupė - riebalai, aliejai. Vartoti saikingai. Šešta grupė - cukrus, saldumynai. Vartoti retai. Kaip matome sveikos mitybos piramidė palieka daug laisvės vartotojui, nes mokslininkai įrodė, kad pilnavertė mityba turi būti kuo įvairesnė.";"Didelė cholesterolio koncentracija kraujyje lemia įvairius susirgimus. Tačiau cholesterolis būtinas normaliam organizmo funkcionavimui. Patartina vengti gyvūninės kilmės riebalų. Taip cholesterolio koncentraciją kraujyje mažina fizinis aktyvumas ir augaliniuose aliejuose bei jūros žuvyse esančios nesočiosios riebalų rūgštys."
